"Message",Low,"Starting .NET Native compilation"
"Message",Low,""
"Message",Low,""
"Message",Low,"Task ""Gatekeeper"""
"Message",Normal,"Launching 'C:\Users\C0406142\.nuget\packages\microsoft.net.native.compiler\1.6.2\tools\x64\ilc\Tools\Gatekeeper.exe @""F:\School\Y2S1\ECET230\Lab2SideStoryXAMLtut\xaml-basics-starting-points\user-interface\PhotoLab\obj\x64\Release\ilc\intermediate\gkargs.rsp""'"
"Message",Low,"Microsoft (R) .NET Native Gatekeeper Version 1.6.25221.00 "
"Message",Low,"Copyright (C) Microsoft Corporation.  All rights reserved. "
"Message",Low," "
"Message",Low,"Checking assembly 'F:\School\Y2S1\ECET230\Lab2SideStoryXAMLtut\xaml-basics-starting-points\user-interface\PhotoLab\obj\x64\Release\ilc\in\PhotoLab.exe'. "
"Message",Low,"Checking assembly 'F:\School\Y2S1\ECET230\Lab2SideStoryXAMLtut\xaml-basics-starting-points\user-interface\PhotoLab\obj\x64\Release\ilc\in\Microsoft.Toolkit.Uwp.dll'. "
"Message",Low,"Checking assembly 'F:\School\Y2S1\ECET230\Lab2SideStoryXAMLtut\xaml-basics-starting-points\user-interface\PhotoLab\obj\x64\Release\ilc\in\Microsoft.Toolkit.Uwp.UI.dll'. "
"Message",Low,"Checking assembly 'F:\School\Y2S1\ECET230\Lab2SideStoryXAMLtut\xaml-basics-starting-points\user-interface\PhotoLab\obj\x64\Release\ilc\in\Microsoft.Toolkit.Uwp.UI.Animations.dll'. "
"Message",Low,"Checking assembly 'F:\School\Y2S1\ECET230\Lab2SideStoryXAMLtut\xaml-basics-starting-points\user-interface\PhotoLab\obj\x64\Release\ilc\in\Microsoft.Xaml.Interactions.dll'. "
"Message",Low,"Checking assembly 'F:\School\Y2S1\ECET230\Lab2SideStoryXAMLtut\xaml-basics-starting-points\user-interface\PhotoLab\obj\x64\Release\ilc\in\Microsoft.Xaml.Interactivity.dll'. "
"Message",Low,"Checking assembly 'F:\School\Y2S1\ECET230\Lab2SideStoryXAMLtut\xaml-basics-starting-points\user-interface\PhotoLab\obj\x64\Release\ilc\in\Newtonsoft.Json.dll'. "
"Message",Low,"Checking assembly 'F:\School\Y2S1\ECET230\Lab2SideStoryXAMLtut\xaml-basics-starting-points\user-interface\PhotoLab\obj\x64\Release\ilc\in\Telerik.Core.dll'. "
"Message",Low,"Checking assembly 'F:\School\Y2S1\ECET230\Lab2SideStoryXAMLtut\xaml-basics-starting-points\user-interface\PhotoLab\obj\x64\Release\ilc\in\Telerik.Data.dll'. "
"Message",Low,"Checking assembly 'F:\School\Y2S1\ECET230\Lab2SideStoryXAMLtut\xaml-basics-starting-points\user-interface\PhotoLab\obj\x64\Release\ilc\in\Telerik.Geospatial.UWP.dll'. "
"Message",Low,"Checking assembly 'F:\School\Y2S1\ECET230\Lab2SideStoryXAMLtut\xaml-basics-starting-points\user-interface\PhotoLab\obj\x64\Release\ilc\in\Telerik.UI.Xaml.Chart.UWP.dll'. "
"Message",Low,"Checking assembly 'F:\School\Y2S1\ECET230\Lab2SideStoryXAMLtut\xaml-basics-starting-points\user-interface\PhotoLab\obj\x64\Release\ilc\in\Telerik.UI.Xaml.Controls.Data.UWP.dll'. "
"Message",Low,"Checking assembly 'F:\School\Y2S1\ECET230\Lab2SideStoryXAMLtut\xaml-basics-starting-points\user-interface\PhotoLab\obj\x64\Release\ilc\in\Telerik.UI.Xaml.DataVisualization.UWP.dll'. "
"Message",Low,"Checking assembly 'F:\School\Y2S1\ECET230\Lab2SideStoryXAMLtut\xaml-basics-starting-points\user-interface\PhotoLab\obj\x64\Release\ilc\in\Telerik.UI.Xaml.Grid.UWP.dll'. "
"Message",Low,"Checking assembly 'F:\School\Y2S1\ECET230\Lab2SideStoryXAMLtut\xaml-basics-starting-points\user-interface\PhotoLab\obj\x64\Release\ilc\in\Telerik.UI.Xaml.Input.UWP.dll'. "
"Message",Low,"Checking assembly 'F:\School\Y2S1\ECET230\Lab2SideStoryXAMLtut\xaml-basics-starting-points\user-interface\PhotoLab\obj\x64\Release\ilc\in\Telerik.UI.Xaml.Primitives.UWP.dll'. "
"Message",Low,"Checking assembly 'F:\School\Y2S1\ECET230\Lab2SideStoryXAMLtut\xaml-basics-starting-points\user-interface\PhotoLab\obj\x64\Release\ilc\in\Telerik.UI.Xaml.Map.UWP.dll'. "
"Message",Low,"Checking assembly 'F:\School\Y2S1\ECET230\Lab2SideStoryXAMLtut\xaml-basics-starting-points\user-interface\PhotoLab\obj\x64\Release\ilc\in\Microsoft.Graphics.Canvas.winmd'. "
"Message",Low,"Checking assembly 'F:\School\Y2S1\ECET230\Lab2SideStoryXAMLtut\xaml-basics-starting-points\user-interface\PhotoLab\obj\x64\Release\ilc\in\Telerik.UI.Drawing.winmd'. "
"Message",Normal,"'C:\Users\C0406142\.nuget\packages\microsoft.net.native.compiler\1.6.2\tools\x64\ilc\Tools\Gatekeeper.exe @""F:\School\Y2S1\ECET230\Lab2SideStoryXAMLtut\xaml-basics-starting-points\user-interface\PhotoLab\obj\x64\Release\ilc\intermediate\gkargs.rsp""' completed."
"Message",Normal,"Process execution statistics (all times in milliseconds)"
"Message",Normal,"-----------------------------------------------------------------------------"
"Message",Normal,"launch  |  start   |   stop   |   end    | duration | lifetime | [slot] name"
"Message",Normal,"-----------------------------------------------------------------------------"
"Message",Normal,"       0 |       78 |      906 |      906 |      828 |      906 | [0] Gatekeeper"
"Message",Normal,"Number of commands:      1"
"Message",Normal,"Total system time:       906 ms"
"Message",Normal,"System time per command: 906 ms"
"Message",Normal,"Total duration:          828 ms"
"Message",Normal,"Total lifetime:          906 ms"
"Message",Normal,"Requested DOP:           8"
"Message",Normal,"Duration DOP:            0.9"
"Message",Normal,"Lifetime DOP:            1.0"
"Message",Low,"Done executing task ""Gatekeeper""."
"Message",Low,"Done building target ""RunGatekeeper"" in file ""Preparation""."
"Message",Low,""
"Message",Low,"Task ""InjectWindowsRuntimeTypeForwards"""
"Message",Normal,"Running 'InjectWindowsRuntimeTypeForwards' transform, heap at 18 MB."
"Message",Normal,"Running 'WriteAssemblies' transform, heap at 22 MB."
"Message",Normal,""
"Message",Normal,"Transform summary"
"Message",Normal,"    ms | heap delta | name"
"Message",Normal,"   844 |          2 | WriteAssemblies"
"Message",Normal,"   307 |          4 | InjectWindowsRuntimeTypeForwards"
"Message",Low,"Done executing task ""InjectWindowsRuntimeTypeForwards""."
"Message",Low,"Done building target ""InjectWindowRuntimeTypeForwards"" in file ""Preparation""."
"Message",Low,""
"Message",Low,"Task ""PreResolveAssemblyClosure"""
"Message",Low,"Done executing task ""PreResolveAssemblyClosure""."
"Message",Low,"Task ""PreResolveTransforms"""
"Message",Normal,"Running 'ResolveSelfReferences' transform, heap at 35 MB."
"Message",Normal,"Running 'RemoveDuplicateMembers' transform, heap at 90 MB."
"Message",Normal,"Running 'PortableLib' transform, heap at 90 MB."
"Message",Normal,"Running 'WriteAssemblies' transform, heap at 119 MB."
"Message",Normal,""
"Message",Normal,"Transform summary"
"Message",Normal,"    ms | heap delta | name"
"Message",Normal,"  1478 |          6 | WriteAssemblies"
"Message",Normal,"  1058 |         55 | ResolveSelfReferences"
"Message",Normal,"   234 |         29 | PortableLib"
"Message",Normal,"     0 |          0 | RemoveDuplicateMembers"
"Message",Low,"Done executing task ""PreResolveTransforms""."
"Message",Low,"Done building target ""PreResolveTransforms"" in file ""Preparation""."
"Message",Low,""
"Message",Low,"Task ""InitialAssemblyClosure"""
"Message",Low,"Done executing task ""InitialAssemblyClosure""."
"Message",Low,"Task ""ResolveInitialReferencesAssemblyClosure1"""
"Message",Low,"Done executing task ""ResolveInitialReferencesAssemblyClosure1""."
"Message",Low,"Task ""ResolveInitialReferencesAssemblyClosure2"""
"Message",Low,"Done executing task ""ResolveInitialReferencesAssemblyClosure2""."
"Message",Low,"Done building target ""ResolveInitialReferences"" in file ""Preparation""."
"Message",Low,"Done building project ""Preparation""."
"Message",Low,""
"Message",Low,""
"Message",High,"Processing application code"
"Message",Low,"Task ""ValidateSimpleNames"""
"Message",Low,"Done executing task ""ValidateSimpleNames""."
"Message",Low,"Task ""McgContractsResolveFilePath"""
"Message",Low,"Done executing task ""McgContractsResolveFilePath""."
"Message",Low,"Task ""McgFacadeResolveFilePath"""
"Message",Low,"Done executing task ""McgFacadeResolveFilePath""."
"Message",Low,"Task ""FinalAssemblyClosureRootsResolveFilePaths"""
"Message",Low,"Done executing task ""FinalAssemblyClosureRootsResolveFilePaths""."
"Message",Low,"Task ""FinalAssemblyClosure"""
"Message",Low,"Done executing task ""FinalAssemblyClosure""."
"Message",Low,"Task ""RunILTransforms"""
"Message",Normal,"Running 'Analysis' transform, heap at 33 MB."
"Message",Low,"Loading 91 modules..."
"Message",Normal,"Imported reflection directives from 23 files:"
"Message",Normal,"F:\School\Y2S1\ECET230\Lab2SideStoryXAMLtut\xaml-basics-starting-points\user-interface\PhotoLab\obj\x64\Release\ilc\in\Telerik.Core\Properties\default.rd.xml"
"Message",Normal,"F:\School\Y2S1\ECET230\Lab2SideStoryXAMLtut\xaml-basics-starting-points\user-interface\PhotoLab\obj\x64\Release\ilc\in\Telerik.Data\Properties\default.rd.xml"
"Message",Normal,"F:\School\Y2S1\ECET230\Lab2SideStoryXAMLtut\xaml-basics-starting-points\user-interface\PhotoLab\obj\x64\Release\ilc\in\Properties\Default.rd.xml"
"Message",Normal,"Embedded manifest in System.Diagnostics.Tracing: Resources.System.Diagnostics.Tracing.rd.xml"
"Message",Normal,"Embedded manifest in System.Private.Reflection: System.Private.Reflection.rd.xml"
"Message",Normal,"Embedded manifest in System.Private.CoreLib: Resources.System.Private.CoreLib.rd.xml"
"Message",Normal,"Embedded manifest in System.Private.Uri: Resources.System.Private.Uri.rd.xml"
"Message",Normal,"Embedded manifest in System.Private.Reflection.Core: System.Private.Reflection.Core.rd.xml"
"Message",Normal,"Embedded manifest in System.Dynamic.Runtime: Resources.System.Dynamic.Runtime.rd.xml"
"Message",Normal,"Embedded manifest in Microsoft.CSharp: Microsoft.CSharp.Resources.Microsoft.CSharp.rd.xml"
"Message",Normal,"Embedded manifest in System.Linq.Expressions: Resources.System.Linq.Expressions.rd.xml"
"Message",Normal,"Embedded manifest in System.Xml.XDocument: System.Xml.Resources.System.Xml.XDocument.rd.xml"
"Message",Normal,"Embedded manifest in System.Runtime.Serialization.Primitives: System.Runtime.Serialization.Primitives.Resources.System.Runtime.Serialization.Primitives.rd.xml"
"Message",Normal,"Embedded manifest in System.Private.PortableThunks: Resources.System.Private.PortableThunks.rd.xml"
"Message",Normal,"Embedded manifest in System.Xml.ReaderWriter: System.Xml.Resources.System.Xml.ReaderWriter.rd.xml"
"Message",Normal,"Embedded manifest in System.Private.Interop: Resources.System.Private.Interop.rd.xml"
"Message",Normal,"Embedded manifest in Microsoft.Toolkit.Uwp: Microsoft.Toolkit.Uwp.Properties.Microsoft.Windows.Toolkit.rd.xml"
"Message",Normal,"Embedded manifest in Microsoft.Toolkit.Uwp.UI: Microsoft.Toolkit.Uwp.UI.Properties.Microsoft.Windows.Toolkit.UI.rd.xml"
"Message",Normal,"Embedded manifest in Microsoft.Toolkit.Uwp.UI.Animations: Microsoft.Toolkit.Uwp.UI.Animations.Properties.Microsoft.Windows.Toolkit.UI.Animations.rd.xml"
"Message",Normal,"Embedded manifest in Microsoft.Xaml.Interactions: Microsoft.Xaml.Interactions.Properties.Microsoft.Xaml.Interactions.rd.xml"
"Message",Normal,"Embedded manifest in Microsoft.Xaml.Interactivity: Microsoft.Xaml.Interactivity.Properties.Microsoft.Xaml.Interactivity.rd.xml"
"Message",Normal,"Newtonsoft.Json"
"Message",Normal,"Telerik.Core"
"Message",Normal,"Imported XAML Roots from 8 files:"
"Message",Normal,"F:\School\Y2S1\ECET230\Lab2SideStoryXAMLtut\xaml-basics-starting-points\user-interface\PhotoLab\obj\x64\Release\ilc\in\PhotoLab.xr.xml"
"Message",Normal,"F:\School\Y2S1\ECET230\Lab2SideStoryXAMLtut\xaml-basics-starting-points\user-interface\PhotoLab\obj\x64\Release\ilc\in\Telerik.UI.Xaml.Primitives.UWP\Telerik.UI.Xaml.Primitives.UWP.xr.xml"
"Message",Normal,"F:\School\Y2S1\ECET230\Lab2SideStoryXAMLtut\xaml-basics-starting-points\user-interface\PhotoLab\obj\x64\Release\ilc\in\Telerik.UI.Xaml.Map.UWP\Telerik.UI.Xaml.Map.UWP.xr.xml"
"Message",Normal,"F:\School\Y2S1\ECET230\Lab2SideStoryXAMLtut\xaml-basics-starting-points\user-interface\PhotoLab\obj\x64\Release\ilc\in\Telerik.UI.Xaml.Chart.UWP\Telerik.UI.Xaml.Chart.UWP.xr.xml"
"Message",Normal,"F:\School\Y2S1\ECET230\Lab2SideStoryXAMLtut\xaml-basics-starting-points\user-interface\PhotoLab\obj\x64\Release\ilc\in\Telerik.UI.Xaml.Controls.Data.UWP\Telerik.UI.Xaml.Controls.Data.UWP.xr.xml"
"Message",Normal,"F:\School\Y2S1\ECET230\Lab2SideStoryXAMLtut\xaml-basics-starting-points\user-interface\PhotoLab\obj\x64\Release\ilc\in\Telerik.UI.Xaml.Input.UWP\Telerik.UI.Xaml.Input.UWP.xr.xml"
"Message",Normal,"F:\School\Y2S1\ECET230\Lab2SideStoryXAMLtut\xaml-basics-starting-points\user-interface\PhotoLab\obj\x64\Release\ilc\in\Telerik.UI.Xaml.Grid.UWP\Telerik.UI.Xaml.Grid.UWP.xr.xml"
"Message",Normal,"F:\School\Y2S1\ECET230\Lab2SideStoryXAMLtut\xaml-basics-starting-points\user-interface\PhotoLab\obj\x64\Release\ilc\in\Telerik.UI.Xaml.DataVisualization.UWP\Telerik.UI.Xaml.DataVisualization.UWP.xr.xml"
"Message",Normal,"Running 'Mcg' transform, heap at 327 MB."
"Message",High,"Computing application closure and generating interop code"
"Message",Normal,"  List of .lib files:"
"Message",Normal,"      WindowsApp.lib"
"Message",Normal,"      winsqlite3.lib"
"Message",Normal,"  List of .lib search paths:"
"Message",Normal,"      C:\Program Files (x86)\Windows Kits\10\lib\10.0.14393.0\um\x64"
"Message",Normal,"  Loading exports from libs..."
"Message",Normal,"      2543 exports read from 'C:\Program Files (x86)\Windows Kits\10\lib\10.0.14393.0\um\x64\WindowsApp.lib'."
"Message",Normal,"      231 exports read from 'C:\Program Files (x86)\Windows Kits\10\lib\10.0.14393.0\um\x64\winsqlite3.lib'."
"Message",High,"  Loading 91 modules..."
"Message",Normal,"          P/Invoke 'RhWaitForPendingFinalizers' with [DllImport(ExactSpelling=true)] resolved to '[MRT]!RhWaitForPendingFinalizers'."
"Message",Normal,"          P/Invoke 'RhYield' with [DllImport(ExactSpelling=true)] resolved to '[MRT]!RhYield'."
"Message",Normal,"          P/Invoke 'RhCompatibleReentrantWaitAny' with [DllImport(ExactSpelling=true)] resolved to '[MRT]!RhCompatibleReentrantWaitAny'."
"Message",Normal,"          P/Invoke '_ecvt_s' with [DllImport(ExactSpelling=true)] resolved to '[MRT]!_ecvt_s'."
"Message",Normal,"          P/Invoke 'memmove' with [DllImport(ExactSpelling=true)] resolved to '[MRT]!memmove'."
"Message",Normal,"          P/Invoke 'CallingConventionConverter_GetStubs' with [DllImport(ExactSpelling=true)] resolved to '*!CallingConventionConverter_GetStubs'."
"Message",Normal,"          P/Invoke 'GetLastError' resolved to 'api-ms-win-core-errorhandling-l1-1-1.dll!GetLastError' from 'C:\Program Files (x86)\Windows Kits\10\lib\10.0.14393.0\um\x64\WindowsApp.lib'."
"Message",Normal,"          P/Invoke 'RoInitialize' resolved to 'api-ms-win-core-winrt-l1-1-0.dll!RoInitialize' from 'C:\Program Files (x86)\Windows Kits\10\lib\10.0.14393.0\um\x64\WindowsApp.lib'."
"Message",Normal,"          P/Invoke 'IsValidLocaleName' resolved to 'api-ms-win-core-localization-l1-2-1.dll!IsValidLocaleName' from 'C:\Program Files (x86)\Windows Kits\10\lib\10.0.14393.0\um\x64\WindowsApp.lib'."
"Message",Normal,"          P/Invoke 'ResolveLocaleName' resolved to 'api-ms-win-core-localization-l1-2-1.dll!ResolveLocaleName' from 'C:\Program Files (x86)\Windows Kits\10\lib\10.0.14393.0\um\x64\WindowsApp.lib'."
"Message",Normal,"          P/Invoke 'GetCPInfoExW' resolved to 'api-ms-win-core-localization-l1-2-1.dll!GetCPInfoExW' from 'C:\Program Files (x86)\Windows Kits\10\lib\10.0.14393.0\um\x64\WindowsApp.lib'."
"Message",Normal,"          P/Invoke 'RoGetBufferMarshaler' resolved to 'api-ms-win-core-winrt-robuffer-l1-1-0.dll!RoGetBufferMarshaler' from 'C:\Program Files (x86)\Windows Kits\10\lib\10.0.14393.0\um\x64\WindowsApp.lib'."
"Message",Normal,"          P/Invoke 'CoCreateInstance' with [DllImport(ExactSpelling=true)] resolved to 'api-ms-win-core-com-l1-1-0.dll!CoCreateInstance'."
"Message",Normal,"          P/Invoke '#6' resolved to 'oleaut32.dll!#6' from 'C:\Program Files (x86)\Windows Kits\10\lib\10.0.14393.0\um\x64\WindowsApp.lib'."
"Message",High,"  Generating code..."
"Message",High,"  Interop code generated."
"Message",Normal,"  Written code to AssemblyInfo.g.cs"
"Message",Normal,"  Written code to Adapters.g.cs"
"Message",Normal,"  Written code to Data.g.cs"
"Message",Normal,"  Written code to Helpers.g.cs"
"Message",Normal,"  Written code to ImplTypes.g.cs"
"Message",Normal,"  Written code to PInvoke.g.cs"
"Message",Normal,"  Written code to SafeTypes.g.cs"
"Message",Normal,"  Written code to SharedStubs.g.cs"
"Message",Normal,"Running 'GenerateCodeAndCompile' transform, heap at 402 MB."
"Message",High,"Generating serialization code"
"Message",High,"Compiling interop code"
"Message",Normal,"Compiling generated source code: C:\Users\C0406142\.nuget\packages\microsoft.net.native.compiler\1.6.2\tools\x64\ilc\csc\csc.exe /noconfig @""F:\School\Y2S1\ECET230\Lab2SideStoryXAMLtut\xaml-basics-starting-points\user-interface\PhotoLab\obj\x64\Release\ilc\intermediate\PhotoLab.McgInterop.rsp"""
"Message",High,"Generating System.Reflection.DispatchProxy proxy code."
"Message",Normal,"Running 'DumpNativeResources' transform, heap at 402 MB."
"Message",Normal,"Running 'ReducedCopyInitialize' transform, heap at 402 MB."
"Message",Normal,"Running 'ReducedCopyEmptyTypes' transform, heap at 353 MB."
"Message",Normal,"Running 'ReducedCopyPopulateTypes' transform, heap at 388 MB."
"Warning",,0,0,"ILTransform : warning ILT0005: Type 'Windows.Devices.Bluetooth.BluetoothAdapter' was not included in compilation, but was referenced in type 'Microsoft.Toolkit.Uwp.BluetoothLEHelper'. There may have been a missing assembly."
"Warning",,0,0,"ILTransform : warning ILT0005: Type 'Windows.Devices.Bluetooth.GenericAttributeProfile.GattDeviceServicesResult' was not included in compilation, but was referenced in type 'Microsoft.Toolkit.Uwp.ObservableBluetoothLEDevice'. There may have been a missing assembly."
"Warning",,0,0,"ILTransform : warning ILT0005: Type 'Windows.Devices.Bluetooth.GenericAttributeProfile.GattCharacteristicsResult' was not included in compilation, but was referenced in method 'ObservableGattDeviceService.<GetAllCharacteristics>b__21_0()'. There may have been a missing assembly."
"Message",Normal,"Running 'ReducedCopyLateMetadata' transform, heap at 449 MB."
"Message",Normal,"Running 'ReducedCopyMethodBodies' transform, heap at 443 MB."
"Warning",,0,0,"ILTransform : warning ILT0003: Method 'BluetoothLEHelper.IsPeripheralRoleSupported.get()' will always throw an exception due to the missing method 'BluetoothAdapter.get_IsPeripheralRoleSupported()'. There may have been a missing assembly."
"Warning",,0,0,"ILTransform : warning ILT0003: Method 'BluetoothLEHelper.IsCentralRoleSupported.get()' will always throw an exception due to the missing method 'BluetoothAdapter.get_IsCentralRoleSupported()'. There may have been a missing assembly."
"Warning",,0,0,"ILTransform : warning ILT0005: Type 'Windows.Devices.Bluetooth.GenericAttributeProfile.GattProtocolError' was not included in compilation, but was referenced in method 'GattProtocolErrorParser.GetErrorString(Nullable<byte>)'. There may have been a missing assembly."
"Warning",,0,0,"ILTransform : warning ILT0003: Method 'GattProtocolErrorParser.GetErrorString(Nullable<byte>)' will always throw an exception due to the missing method 'GattProtocolError.get_AttributeNotFound()'. There may have been a missing assembly."
"Warning",,0,0,"ILTransform : warning ILT0003: Method 'ObservableBluetoothLEDevice.<ConnectAsync>b__42_1()' will always throw an exception due to the missing method 'BluetoothLEDevice.GetGattServicesAsync(BluetoothCacheMode)'. There may have been a missing assembly."
"Warning",,0,0,"ILTransform : warning ILT0003: Method 'ObservableGattDeviceService.<GetAllCharacteristics>b__21_0()' will always throw an exception due to the missing method 'GattDeviceService.GetCharacteristicsAsync(BluetoothCacheMode)'. There may have been a missing assembly."
"Warning",,0,0,"ILTransform : warning ILT0003: Method 'BluetoothLEHelper.<Init>d__27.MoveNext()' will always throw an exception due to the missing method 'BluetoothAdapter.GetDefaultAsync()'. There may have been a missing assembly."
"Warning",,0,0,"ILTransform : warning ILT0003: Method 'ObservableBluetoothLEDevice.<<ConnectAsync>b__42_0>d.MoveNext()' will always throw an exception due to the missing method 'GattDeviceServicesResult.get_Status()'. There may have been a missing assembly."
"Warning",,0,0,"ILTransform : warning ILT0003: Method 'ObservableGattCharacteristics.<ReadValueAsync>d__39.MoveNext()' will always throw an exception due to the missing method 'GattReadResult.get_ProtocolError()'. There may have been a missing assembly."
"Warning",,0,0,"ILTransform : warning ILT0003: Method 'ObservableGattDeviceService.<GetAllCharacteristics>d__21.MoveNext()' will always throw an exception due to the missing method 'GattCharacteristicsResult.get_Status()'. There may have been a missing assembly."
"Message",Normal,"Running 'ReducedCopyComplete' transform, heap at 504 MB."
"Message",Normal,"Running 'ReducedCopyCleanup' transform, heap at 550 MB."
"Message",Normal,"Running 'DeveloperExperienceModeOnlyCodeRemover' transform, heap at 321 MB."
"Message",Normal,"Running 'ComImportDetector' transform, heap at 331 MB."
"Message",Normal,"Running 'McgAccessor' transform, heap at 331 MB."
"Message",Normal,"Running 'McgRedirect' transform, heap at 336 MB."
"Message",Normal,"Running 'McgRedirect' transform, heap at 344 MB."
"Message",Normal,"Running 'McgTypeOf' transform, heap at 346 MB."
"Message",Normal,"Running 'ExceptionMiniaturizer' transform, heap at 359 MB."
"Message",Normal,"Running 'EventSource' transform, heap at 372 MB."
"Message",Normal,"Running 'ValueType' transform, heap at 373 MB."
"Message",Normal,"Running 'Attribute' transform, heap at 373 MB."
"Message",Normal,"Running 'GetType' transform, heap at 374 MB."
"Message",Normal,"Running 'McgFixups' transform, heap at 375 MB."
"Message",Normal,"Running 'ResourceManagerCtor' transform, heap at 377 MB."
"Message",Normal,"Running 'TypeofTypeHandle' transform, heap at 377 MB."
"Message",Normal,"Running 'DispatchProxyIntrinsics' transform, heap at 386 MB."
"Message",Normal,"Running 'StaticInitData' transform, heap at 387 MB."
"Message",Normal,"Running 'StartupCodeInjector' transform, heap at 413 MB."
"Message",Normal,"Running 'InjectAppContextSwitches' transform, heap at 413 MB."
"Message",Normal,"Running 'ImplementLibraryDynamicInvokeHelpers' transform, heap at 413 MB."
"Message",Normal,"Running 'Delegate' transform, heap at 413 MB."
"Message",Normal,"Running 'DelegateCtorCall' transform, heap at 358 MB."
"Message",Normal,"Running 'LazyGenerics' transform, heap at 365 MB."
"Message",Normal,"Running 'AddReflectionBlockedAttributes' transform, heap at 416 MB."
"Message",Normal,"Running 'DisableOptimization' transform, heap at 416 MB."
"Message",Normal,"Running 'CreateMetadata' transform, heap at 416 MB."
"Message",Normal,"Running 'SaveRVAStatics' transform, heap at 469 MB."
"Message",Normal,"Running 'ReflectionInvoke' transform, heap at 472 MB."
"Message",Normal,"Running 'ScrubOpenCalls' transform, heap at 483 MB."
"Message",Normal,"Running 'ConvertCatchIntoFilter' transform, heap at 483 MB."
"Message",Normal,"Running 'ReflectionMappingInfoEmit' transform, heap at 484 MB."
"Message",Normal,"Running 'ConvertManagedWinMD' transform, heap at 499 MB."
"Message",Normal,"Running 'Reducer' transform, heap at 499 MB."
"Message",High,"Cleaning up unreferenced code"
"Message",Normal,"Running 'WriteAssemblies' transform, heap at 335 MB."
"Message",Normal,""
"Message",Normal,"Transform summary"
"Message",Normal,"    ms | heap delta | name"
"Message",Normal," 29722 |        -80 | WriteAssemblies"
"Message",Normal," 25222 |        294 | Analysis"
"Message",Normal," 19817 |         75 | Mcg"
"Message",Normal," 10301 |          0 | GenerateCodeAndCompile"
"Message",Normal,"  4433 |       -164 | Reducer"
"Message",Normal,"  1846 |         53 | CreateMetadata"
"Message",Normal,"  1779 |         61 | ReducedCopyMethodBodies"
"Message",Normal,"  1100 |       -229 | ReducedCopyCleanup"
"Message",Normal,"   959 |         46 | ReducedCopyComplete"
"Message",Normal,"   656 |         61 | ReducedCopyPopulateTypes"
"Message",Normal,"   523 |        -49 | ReducedCopyInitialize"
"Message",Normal,"   417 |         -6 | ReducedCopyLateMetadata"
"Message",Normal,"   319 |         51 | LazyGenerics"
"Message",Normal,"   295 |         13 | McgTypeOf"
"Message",Normal,"   240 |         26 | StaticInitData"
"Message",Normal,"   215 |          8 | McgRedirect"
"Message",Normal,"   194 |         35 | ReducedCopyEmptyTypes"
"Message",Normal,"   150 |        -55 | Delegate"
"Message",Normal,"   149 |          7 | DelegateCtorCall"
"Message",Normal,"   143 |          2 | McgRedirect"
"Message",Normal,"   116 |          9 | TypeofTypeHandle"
"Message",Normal,"    54 |         13 | ExceptionMiniaturizer"
"Message",Normal,"    48 |          3 | SaveRVAStatics"
"Message",Normal,"    42 |         11 | ReflectionInvoke"
"Message",Normal,"    36 |          5 | McgAccessor"
"Message",Normal,"    32 |          2 | McgFixups"
"Message",Normal,"    27 |          1 | GetType"
"Message",Normal,"    26 |         15 | ReflectionMappingInfoEmit"
"Message",Normal,"    25 |          1 | DispatchProxyIntrinsics"
"Message",Normal,"    22 |          0 | ScrubOpenCalls"
"Message",Normal,"    21 |          0 | DumpNativeResources"
"Message",Normal,"    13 |          0 | StartupCodeInjector"
"Message",Normal,"    12 |         10 | DeveloperExperienceModeOnlyCodeRemover"
"Message",Normal,"    12 |          1 | ConvertCatchIntoFilter"
"Message",Normal,"    10 |          0 | ValueType"
"Message",Normal,"     8 |          1 | Attribute"
"Message",Normal,"     6 |          1 | EventSource"
"Message",Normal,"     3 |          0 | ResourceManagerCtor"
"Message",Normal,"     2 |          0 | AddReflectionBlockedAttributes"
"Message",Normal,"     1 |          0 | InjectAppContextSwitches"
"Message",Normal,"     1 |          0 | ComImportDetector"
"Message",Normal,"     0 |          0 | DisableOptimization"
"Message",Normal,"     0 |          0 | ImplementLibraryDynamicInvokeHelpers"
"Message",Normal,"     0 |          0 | ConvertManagedWinMD"
"Message",Low,"Done executing task ""RunILTransforms""."
"Message",Low,"Done building target ""RunILTransforms"" in file ""ILTransforms""."
"Message",Low,"Done building project ""ILTransforms""."
"Message",Low,""
"Message",Low,""
"Message",Low,"Done building target ""GenerateMDIL"" in file ""Nutc""."
"Message",Low,""
"Message",High,"Generating native code"
"Message",Low,"Done building target ""MDILPrepareMultiFile"" in file ""Nutc""."
"Message",Low,""
"Message",Low,"Done building target ""SetBinaryForReferences"" in file ""Nutc""."
"Message",Low,""
"Message",Low,"Task ""GenerateMDILGlobalAnalysis"""
"Message",Normal,"Launching 'C:\Users\C0406142\.nuget\packages\microsoft.net.native.compiler\1.6.2\tools\x64\ilc\Tools\nutc_driver.exe @""F:\School\Y2S1\ECET230\Lab2SideStoryXAMLtut\xaml-basics-starting-points\user-interface\PhotoLab\obj\x64\Release\ilc\intermediate\MDIL\PhotoLab.rsp""'"
"Message",Low,"Microsoft (R) MDIL Compiler - Version 1.6.25221.00"
"Message",Low,"Copyright (c) Microsoft Corporation.  All rights reserved."
"Message",Low,"Scanning input types"
"Message",Low,"Scanning 44101 methods."
"Message",Low,"Scanning 9612 methods."
"Message",Low,"Scanning 4293 methods."
"Message",Low,"Scanning 2398 methods."
"Message",Low,"Scanning 4364 methods."
"Message",Low,"Scanning 2739 methods."
"Message",Low,"Scanning 781 methods."
"Message",Low,"Scanning 688 methods."
"Message",Low,"Scanning 624 methods."
"Message",Low,"Scanning 426 methods."
"Message",Low,"Scanning 348 methods."
"Message",Low,"Scanning 212 methods."
"Message",Low,"Scanning 241 methods."
"Message",Low,"Scanning 68 methods."
"Message",Low,"Scanning 41 methods."
"Message",Low,"Scanning 18 methods."
"Message",Low,"Scanning 22 methods."
"Message",Low,"Scanning 16 methods."
"Message",Low,"Scanning 13 methods."
"Message",Low,"Scanning 12 methods."
"Message",Low,"Scanning 1 methods."
"Message",Low,"Scanning 1 methods."
"Message",Low,"Eager code generation"
"Message",Low,"Compiling 71019 methods."
"Message",Low,"Deferred code generation"
"Message",Low,"Compiling 4 methods."
"Message",Low,"Compiling 30 methods."
"Message",Low,"Successfully generated 'F:\School\Y2S1\ECET230\Lab2SideStoryXAMLtut\xaml-basics-starting-points\user-interface\PhotoLab\obj\x64\Release\ilc\intermediate\MDIL\PhotoLab.mdilexe'"
"Message",Low,"Successfully generated 'F:\School\Y2S1\ECET230\Lab2SideStoryXAMLtut\xaml-basics-starting-points\user-interface\PhotoLab\obj\x64\Release\ilc\intermediate\MDIL\PhotoLab.mdilpdb'"
"Message",Normal,"'C:\Users\C0406142\.nuget\packages\microsoft.net.native.compiler\1.6.2\tools\x64\ilc\Tools\nutc_driver.exe @""F:\School\Y2S1\ECET230\Lab2SideStoryXAMLtut\xaml-basics-starting-points\user-interface\PhotoLab\obj\x64\Release\ilc\intermediate\MDIL\PhotoLab.rsp""' completed."
"Message",Normal,"Process execution statistics (all times in milliseconds)"
"Message",Normal,"-----------------------------------------------------------------------------"
"Message",Normal,"launch  |  start   |   stop   |   end    | duration | lifetime | [slot] name"
"Message",Normal,"-----------------------------------------------------------------------------"
"Message",Normal,"       0 |      141 |    54032 |    54032 |    53891 |    54032 | [0] Nutc GlobalAnalysis"
"Message",Normal,"Number of commands:      1"
"Message",Normal,"Total system time:       54032 ms"
"Message",Normal,"System time per command: 54032 ms"
"Message",Normal,"Total duration:          53891 ms"
"Message",Normal,"Total lifetime:          54032 ms"
"Message",Normal,"Requested DOP:           8"
"Message",Normal,"Duration DOP:            1.0"
"Message",Normal,"Lifetime DOP:            1.0"
"Message",Low,"Done executing task ""GenerateMDILGlobalAnalysis""."
"Message",Low,"Done building target ""GenerateMDILGlobalAnalysis"" in file ""Nutc""."
"Message",Low,""
"Message",Low,"Task ""rc"""
"Message",Normal,"Launching 'C:\Program Files (x86)\Windows Kits\10\bin\x64\rc.exe /c ""65001"" /r /fo ""F:\School\Y2S1\ECET230\Lab2SideStoryXAMLtut\xaml-basics-starting-points\user-interface\PhotoLab\obj\x64\Release\ilc\intermediate\BuildInfo\BuildInfo.res"" ""F:\School\Y2S1\ECET230\Lab2SideStoryXAMLtut\xaml-basics-starting-points\user-interface\PhotoLab\obj\x64\Release\ilc\intermediate\BuildInfo\BuildInfo.rc""'"
"Message",Low,"Microsoft (R) Windows (R) Resource Compiler Version 10.0.10011.16384"
"Message",Low,"Copyright (C) Microsoft Corporation.  All rights reserved."
"Message",Normal,"'C:\Program Files (x86)\Windows Kits\10\bin\x64\rc.exe /c ""65001"" /r /fo ""F:\School\Y2S1\ECET230\Lab2SideStoryXAMLtut\xaml-basics-starting-points\user-interface\PhotoLab\obj\x64\Release\ilc\intermediate\BuildInfo\BuildInfo.res"" ""F:\School\Y2S1\ECET230\Lab2SideStoryXAMLtut\xaml-basics-starting-points\user-interface\PhotoLab\obj\x64\Release\ilc\intermediate\BuildInfo\BuildInfo.rc""' completed."
"Message",Normal,"Process execution statistics (all times in milliseconds)"
"Message",Normal,"-----------------------------------------------------------------------------"
"Message",Normal,"launch  |  start   |   stop   |   end    | duration | lifetime | [slot] name"
"Message",Normal,"-----------------------------------------------------------------------------"
"Message",Normal,"       0 |       62 |      234 |      234 |      172 |      234 | [0] rc"
"Message",Normal,"Number of commands:      1"
"Message",Normal,"Total system time:       234 ms"
"Message",Normal,"System time per command: 234 ms"
"Message",Normal,"Total duration:          172 ms"
"Message",Normal,"Total lifetime:          234 ms"
"Message",Normal,"Requested DOP:           8"
"Message",Normal,"Duration DOP:            0.7"
"Message",Normal,"Lifetime DOP:            1.0"
"Message",Low,"Done executing task ""rc""."
"Message",Low,"Task ""ResourceBinaryConcatenate"""
"Message",Normal,"Concatenating into 'F:\School\Y2S1\ECET230\Lab2SideStoryXAMLtut\xaml-basics-starting-points\user-interface\PhotoLab\obj\x64\Release\ilc\intermediate\Native.res' with alignment '4'."
"Message",Normal," Added 'F:\School\Y2S1\ECET230\Lab2SideStoryXAMLtut\xaml-basics-starting-points\user-interface\PhotoLab\obj\x64\Release\ilc\intermediate\ILTransformed\PhotoLab.res' at offset 0."
"Message",Normal," Added 'F:\School\Y2S1\ECET230\Lab2SideStoryXAMLtut\xaml-basics-starting-points\user-interface\PhotoLab\obj\x64\Release\ilc\intermediate\BuildInfo\BuildInfo.res' at offset 1384."
"Message",Low,"Done executing task ""ResourceBinaryConcatenate""."
"Message",Low,"Done building target ""GenerateBuildInfo"" in file ""Nutc""."
"Message",Low,"Done building project ""Nutc""."
"Message",Low,""
"Message",Low,""
"Message",Low,"Done building target ""MDILBindPrepare"" in file ""Binder""."
"Message",Low,""
"Message",High,"Generating fixups for native code"
"Message",Low,"Task ""MDILBind"""
"Message",Normal,"Launching 'C:\Users\C0406142\.nuget\packages\microsoft.net.native.compiler\1.6.2\tools\x64\ilc\Tools\rhbind.exe @""F:\School\Y2S1\ECET230\Lab2SideStoryXAMLtut\xaml-basics-starting-points\user-interface\PhotoLab\obj\x64\Release\ilc\intermediate\rhbindargs.PhotoLab.rsp""'"
"Message",Low,"OS VERSION: major: 6  minor: 2"
"Message",Low,"MDIL: F:\School\Y2S1\ECET230\Lab2SideStoryXAMLtut\xaml-basics-starting-points\user-interface\PhotoLab\obj\x64\Release\ilc\intermediate\MDIL\PhotoLab.mdilexe"
"Message",Low,"MDILPDB: F:\School\Y2S1\ECET230\Lab2SideStoryXAMLtut\xaml-basics-starting-points\user-interface\PhotoLab\obj\x64\Release\ilc\intermediate\MDIL\PhotoLab.mdilpdb"
"Message",Low,"IL: F:\School\Y2S1\ECET230\Lab2SideStoryXAMLtut\xaml-basics-starting-points\user-interface\PhotoLab\obj\x64\Release\ilc\intermediate\MDIL\PhotoLab.ilexe"
"Message",Low,"NI: F:\School\Y2S1\ECET230\Lab2SideStoryXAMLtut\xaml-basics-starting-points\user-interface\PhotoLab\obj\x64\Release\ilc\intermediate\Native\PhotoLab.dll"
"Message",Low,"SHIM: F:\School\Y2S1\ECET230\Lab2SideStoryXAMLtut\xaml-basics-starting-points\user-interface\PhotoLab\obj\x64\Release\ilc\intermediate\Native\PhotoLab.exe"
"Message",Low,"REDHAWK_RUNTIME_DLL_NAME_A=mrt100_app.dll"
"Message",Low,"pdb: F:\School\Y2S1\ECET230\Lab2SideStoryXAMLtut\xaml-basics-starting-points\user-interface\PhotoLab\obj\x64\Release\ilc\intermediate\Native\PhotoLab.pdb"
